{
  "n_runs": 24,
  "aggregate": [
    {
      "method": "mappo-comm",
      "n": 8,
      "seeds": "0 1 2 3 4 5 6 7",
      "eval_final_mean": 19.391666666666666,
      "eval_final_sd": 6.367196437694574,
      "eval_last5_mean": 11.362083333333333,
      "eval_last5_sd": 5.614855561471771,
      "eval_mean_all_mean": 3.5074479166666666,
      "eval_mean_all_sd": 1.6609159782423535,
      "train_last50_mean": 32.27625,
      "train_last50_sd": 21.14075612751013,
      "msg_acc_last50_mean": 0.0,
      "msg_acc_last50_sd": 0.0,
      "msg_loss_last50_mean": 0.0,
      "msg_loss_last50_sd": 0.0,
      "entropy_last50_mean": 2.478467823974788,
      "entropy_last50_sd": 0.38257991273556524
    },
    {
      "method": "mappo-intent-aux",
      "n": 8,
      "seeds": "0 1 2 3 4 5 6 7",
      "eval_final_mean": 31.58125,
      "eval_final_sd": 16.001625506466723,
      "eval_last5_mean": 20.765416666666667,
      "eval_last5_sd": 9.867893253471319,
      "eval_mean_all_mean": 7.150625,
      "eval_mean_all_sd": 4.9186549551132694,
      "train_last50_mean": 56.28625,
      "train_last50_sd": 18.62129651577922,
      "msg_acc_last50_mean": 0.5611536791795515,
      "msg_acc_last50_sd": 0.027574076939613865,
      "msg_loss_last50_mean": 0.9113735033653211,
      "msg_loss_last50_sd": 0.052460161637677714,
      "entropy_last50_mean": 1.5507718953490257,
      "entropy_last50_sd": 0.2654505501367112
    },
    {
      "method": "mappo-no-comm",
      "n": 8,
      "seeds": "0 1 2 3 4 5 6 7",
      "eval_final_mean": 23.45,
      "eval_final_sd": 10.142081906434466,
      "eval_last5_mean": 12.900416666666667,
      "eval_last5_sd": 7.683645885079659,
      "eval_mean_all_mean": 3.51265625,
      "eval_mean_all_sd": 2.273155932558345,
      "train_last50_mean": 37.05625,
      "train_last50_sd": 23.31228979223497,
      "msg_acc_last50_mean": 0.0,
      "msg_acc_last50_sd": 0.0,
      "msg_loss_last50_mean": 0.0,
      "msg_loss_last50_sd": 0.0,
      "entropy_last50_mean": 0.7336886845609842,
      "entropy_last50_sd": 0.3357412365810362
    }
  ],
  "comparisons": {
    "mappo-intent-aux_vs_mappo-no-comm": {
      "seeds": [
        0,
        1,
        2,
        3,
        4,
        5,
        6,
        7
      ],
      "eval_last5": {
        "a_mean": 20.765416666666667,
        "b_mean": 12.900416666666667,
        "diff_mean": 7.865,
        "diff_sd": 12.068211424404488,
        "t": 1.8433203192930063,
        "p": 0.10781857589156316,
        "diffs": [
          18.366666666666664,
          7.913333333333334,
          -0.10333333333333172,
          16.90666666666667,
          26.293333333333337,
          -10.683333333333334,
          -0.5466666666666669,
          4.7733333333333325
        ]
      },
      "eval_final": {
        "a_mean": 31.58125,
        "b_mean": 23.45,
        "diff_mean": 8.131250000000001,
        "diff_sd": 19.635856490590058,
        "t": 1.1712576973209154,
        "p": 0.2798159538991493,
        "diffs": [
          44.2,
          -8.299999999999997,
          -4.316666666666666,
          16.75,
          28.700000000000003,
          -3.650000000000002,
          -8.316666666666663,
          -0.016666666666669272
        ]
      },
      "eval_mean_all": {
        "a_mean": 7.150625,
        "b_mean": 3.51265625,
        "diff_mean": 3.63796875,
        "diff_sd": 5.234944007511518,
        "t": 1.9655853962744323,
        "p": 0.0900753057914044,
        "diffs": [
          12.488333333333333,
          2.567083333333334,
          -0.12333333333333352,
          8.610833333333332,
          5.492083333333333,
          -4.497916666666667,
          2.5829166666666676,
          1.98375
        ]
      },
      "train_last50": {
        "a_mean": 56.28625,
        "b_mean": 37.05625,
        "diff_mean": 19.23,
        "diff_sd": 28.427669619580143,
        "t": 1.9132997652191144,
        "p": 0.09728415920099029,
        "diffs": [
          15.090000000000003,
          28.869999999999997,
          14.950000000000003,
          66.44,
          47.92,
          -23.519999999999996,
          -3.3599999999999994,
          7.450000000000003
        ]
      }
    },
    "mappo-intent-aux_vs_mappo-comm": {
      "seeds": [
        0,
        1,
        2,
        3,
        4,
        5,
        6,
        7
      ],
      "eval_last5": {
        "a_mean": 20.765416666666667,
        "b_mean": 11.362083333333333,
        "diff_mean": 9.403333333333332,
        "diff_sd": 9.566199590389832,
        "t": 2.7802726476404374,
        "p": 0.02728754058458169,
        "diffs": [
          28.479999999999997,
          11.996666666666668,
          10.29,
          6.533333333333335,
          14.283333333333339,
          3.8099999999999987,
          3.509999999999998,
          -3.6766666666666676
        ]
      },
      "eval_final": {
        "a_mean": 31.58125,
        "b_mean": 19.391666666666666,
        "diff_mean": 12.189583333333335,
        "diff_sd": 14.51280479356732,
        "t": 2.3756502364474636,
        "p": 0.04919574228799014,
        "diffs": [
          44.03333333333334,
          8.266666666666667,
          8.483333333333334,
          4.116666666666667,
          15.81666666666667,
          4.149999999999999,
          16.800000000000004,
          -4.150000000000002
        ]
      },
      "eval_mean_all": {
        "a_mean": 7.150625,
        "b_mean": 3.5074479166666666,
        "diff_mean": 3.6431770833333337,
        "diff_sd": 5.137935615378303,
        "t": 2.0055644239510384,
        "p": 0.0849195414687474,
        "diffs": [
          14.733333333333334,
          3.711666666666667,
          1.0220833333333337,
          6.119166666666666,
          2.6975000000000007,
          0.4566666666666661,
          2.854583333333334,
          -2.449583333333334
        ]
      },
      "train_last50": {
        "a_mean": 56.28625,
        "b_mean": 32.27625,
        "diff_mean": 24.01,
        "diff_sd": 22.363047965018414,
        "t": 3.0367298487838355,
        "p": 0.01893401167739719,
        "diffs": [
          55.61,
          48.58,
          30.42,
          30.130000000000003,
          20.93,
          1.1700000000000017,
          16.29,
          -11.049999999999997
        ]
      }
    },
    "mappo-comm_vs_mappo-no-comm": {
      "seeds": [
        0,
        1,
        2,
        3,
        4,
        5,
        6,
        7
      ],
      "eval_last5": {
        "a_mean": 11.362083333333333,
        "b_mean": 12.900416666666667,
        "diff_mean": -1.538333333333333,
        "diff_sd": 10.404701165781088,
        "t": -0.41818247901352246,
        "p": 0.6883441318952961,
        "diffs": [
          -10.113333333333333,
          -4.083333333333334,
          -10.39333333333333,
          10.373333333333333,
          12.009999999999998,
          -14.493333333333332,
          -4.056666666666665,
          8.45
        ]
      },
      "eval_final": {
        "a_mean": 19.391666666666666,
        "b_mean": 23.45,
        "diff_mean": -4.058333333333334,
        "diff_sd": 13.840491550129508,
        "t": -0.8293563880795992,
        "p": 0.4342694086429856,
        "diffs": [
          0.1666666666666643,
          -16.566666666666663,
          -12.8,
          12.633333333333333,
          12.883333333333333,
          -7.800000000000001,
          -25.116666666666667,
          4.133333333333333
        ]
      },
      "eval_mean_all": {
        "a_mean": 3.5074479166666666,
        "b_mean": 3.51265625,
        "diff_mean": -0.005208333333333454,
        "diff_sd": 3.0695765261031,
        "t": -0.004799160779816756,
        "p": 0.9963047444684159,
        "diffs": [
          -2.245,
          -1.144583333333333,
          -1.1454166666666672,
          2.4916666666666663,
          2.794583333333333,
          -4.954583333333334,
          -0.2716666666666665,
          4.433333333333334
        ]
      },